epoch,acc,loss,val_acc,val_loss
0,0.4349802970687488,1.0256542338859533,0.32615629984051037,1.1926154575723082
1,0.46892997879048265,1.0031444777066363,0.34077618288144607,1.1775599408187745
2,0.4956047287147021,0.9879165936795535,0.3272195640616693,1.27800347322102
3,0.5231888451226446,0.9646517344769943,0.33678894205209997,1.2246608934397396
4,0.5225826007881176,0.9455030347297104,0.34901648059542795,1.2365459362475686
5,0.5341012428189162,0.919917196532241,0.3580542264752791,1.2076181333664564
6,0.5504698393542898,0.9028801114387894,0.36443381180223283,1.2336505836530418
